Country Name,Year,Government expenditure per primary student (%),Continent
Afghanistan,2010,11.95215,Asia
Afghanistan,2011,12.21159,Asia
Afghanistan,2012,8.31733,Asia
Afghanistan,2013,11.17447,Asia
Afghanistan,2014,11.72219,Asia
Afghanistan,2015,10.24688,Asia
Afghanistan,2016,10.34081,Asia
Afghanistan,2017,10.25174,Asia
Albania,2015,29.84568,Europe
Albania,2017,34.18148,Europe
Algeria,1999,12.18372,Africa
Algeria,2000,9.89895,Africa
Algeria,2002,10.98786,Africa
Algeria,2003,11.47531,Africa
Andorra,2002,7.7816,Europe
Andorra,2004,7.97078,Europe
Andorra,2005,7.43949,Europe
Andorra,2006,9.72882,Europe
Andorra,2007,9.91776,Europe
Andorra,2009,15.70711,Europe
Andorra,2010,17.08411,Europe
Andorra,2011,17.79961,Europe
Andorra,2013,15.56091,Europe
Andorra,2014,13.02109,Europe
Andorra,2015,13.45657,Europe
Andorra,2016,12.74297,Europe
Andorra,2017,12.72411,Europe
Andorra,2018,12.30702,Europe
Argentina,1998,10.95099,South America
Argentina,1999,12.42388,South America
Argentina,2000,12.2987,South America
Argentina,2001,13.80064,South America
Argentina,2002,10.75649,South America
Argentina,2003,10.47639,South America
Argentina,2004,10.00318,South America
Argentina,2005,10.53523,South America
Argentina,2006,11.53286,South America
Argentina,2007,12.6881,South America
Argentina,2008,13.70256,South America
Argentina,2009,14.80287,South America
Argentina,2010,13.68048,South America
Argentina,2011,14.20816,South America
Argentina,2012,14.56387,South America
Argentina,2013,14.38084,South America
Argentina,2014,14.38654,South America
Argentina,2015,15.64309,South America
Argentina,2016,15.2222,South America
Argentina,2017,14.97726,South America
Armenia,2012,10.78627,Asia
Armenia,2013,10.98089,Asia
Armenia,2015,10.994,Asia
Armenia,2016,11.27122,Asia
Armenia,2017,10.15365,Asia
Aruba,1999,11.59103,South America
Aruba,2000,13.06282,South America
Aruba,2001,12.19509,South America
Aruba,2002,13.78319,South America
Aruba,2004,11.41266,South America
Aruba,2005,12.21276,South America
Aruba,2012,18.38443,South America
Aruba,2013,17.36433,South America
Aruba,2014,17.08119,South America
Australia,2000,16.74596,Oceania
Australia,2005,17.92028,Oceania
Australia,2006,17.73229,Oceania
Australia,2007,17.28608,Oceania
Australia,2008,17.65014,Oceania
Australia,2009,19.91991,Oceania
Australia,2010,22.33566,Oceania
Australia,2011,19.96941,Oceania
Australia,2012,18.14095,Oceania
Australia,2013,18.65626,Oceania
Australia,2014,18.24146,Oceania
Australia,2015,18.78482,Oceania
Australia,2016,19.30184,Oceania
Austria,1998,24.51562,Europe
Austria,1999,24.35442,Europe
Austria,2000,22.47593,Europe
Austria,2001,22.44577,Europe
Austria,2002,22.86316,Europe
Austria,2003,22.60623,Europe
Austria,2004,22.01719,Europe
Austria,2005,22.61234,Europe
Austria,2006,22.58595,Europe
Austria,2007,22.16889,Europe
Austria,2008,23.15767,Europe
Austria,2009,25.12912,Europe
Austria,2010,24.90171,Europe
Austria,2011,24.58211,Europe
Austria,2012,21.34553,Europe
Austria,2013,22.85994,Europe
Austria,2014,22.59552,Europe
Austria,2015,23.20446,Europe
Austria,2016,23.48041,Europe
Bahrain,2013,10.47755,Asia
Bahrain,2014,10.32071,Asia
Bahrain,2015,11.16362,Asia
Bangladesh,2006,7.58248,Asia
Bangladesh,2007,8.79898,Asia
Bangladesh,2008,8.29676,Asia
Bangladesh,2009,7.56853,Asia
Barbados,1999,10.55182,North America
Barbados,2000,14.11934,North America
Barbados,2001,19.46455,North America
Barbados,2002,17.83147,North America
Barbados,2003,19.45603,North America
Barbados,2004,19.83642,North America
Barbados,2005,19.17852,North America
Barbados,2008,22.13818,North America
Barbados,2016,20.75168,North America
Belgium,2013,22.5828,Europe
Belgium,2014,22.22876,Europe
Belgium,2015,22.03343,Europe
Belgium,2016,21.87767,Europe
Belize,1999,16.87322,North America
Belize,2000,16.24497,North America
Belize,2004,12.42717,North America
Belize,2005,13.71514,North America
Belize,2006,14.12419,North America
Belize,2008,15.48145,North America
Belize,2009,16.09631,North America
Belize,2010,18.24662,North America
Belize,2012,15.03615,North America
Belize,2013,16.10865,North America
Belize,2014,16.34612,North America
Belize,2015,15.10773,North America
Belize,2016,16.23127,North America
Belize,2017,16.55987,North America
Benin,2000,10.92778,Africa
Benin,2001,12.00697,Africa
Benin,2002,10.08238,Africa
Benin,2003,10.00672,Africa
Benin,2004,10.54721,Africa
Benin,2005,10.10737,Africa
Benin,2006,11.28517,Africa
Benin,2008,11.64562,Africa
Benin,2009,12.62188,Africa
Benin,2010,13.66952,Africa
Benin,2012,12.18628,Africa
Benin,2013,11.04903,Africa
Benin,2014,10.19757,Africa
Benin,2015,10.25321,Africa
Bermuda,2004,9.40736,North America
Bermuda,2005,10.92196,North America
Bermuda,2010,11.96799,North America
Bermuda,2014,8.46154,North America
Bermuda,2015,8.05056,North America
Bhutan,2004,8.30296,Asia
Bhutan,2005,10.3683,Asia
Bhutan,2008,7.13574,Asia
Bhutan,2009,8.72884,Asia
Bhutan,2010,7.50761,Asia
Bhutan,2011,9.10615,Asia
Bhutan,2013,7.73873,Asia
Bhutan,2014,12.84915,Asia
Botswana,2005,17.22529,Africa
Botswana,2007,13.54782,Africa
Botswana,2009,10.0503,Africa
Brazil,1999,10.62585,South America
Brazil,2000,10.5463,South America
Brazil,2001,10.36094,South America
Brazil,2002,9.79901,South America
Brazil,2004,12.68983,South America
Brazil,2005,15.19637,South America
Brazil,2007,16.92151,South America
Brazil,2008,18.13079,South America
Brazil,2009,19.65354,South America
Brazil,2010,20.5004,South America
Brazil,2011,20.12935,South America
Brazil,2012,19.54553,South America
Brazil,2013,19.66313,South America
Brazil,2014,19.45078,South America
Brazil,2015,20.05496,South America
British Virgin Islands,2001,6.03613,North America
British Virgin Islands,2004,8.54494,North America
British Virgin Islands,2005,8.19744,North America
British Virgin Islands,2006,8.21172,North America
British Virgin Islands,2007,7.37639,North America
British Virgin Islands,2009,8.52347,North America
British Virgin Islands,2010,11.29099,North America
British Virgin Islands,2015,7.38379,North America
British Virgin Islands,2017,6.24826,North America
Brunei ,2010,5.01888,Asia
Brunei ,2016,8.87354,Asia
Bulgaria,1998,12.26539,Europe
Bulgaria,2001,15.16592,Europe
Bulgaria,2002,15.37402,Europe
Bulgaria,2003,17.97436,Europe
Bulgaria,2004,11.19144,Europe
Bulgaria,2005,22.20004,Europe
Bulgaria,2006,21.58024,Europe
Bulgaria,2007,20.63391,Europe
Bulgaria,2008,22.80496,Europe
Bulgaria,2009,22.74503,Europe
Bulgaria,2010,21.49743,Europe
Bulgaria,2011,18.98909,Europe
Bulgaria,2012,18.88574,Europe
Bulgaria,2013,22.99728,Europe
Burkina Faso,2005,33.32325,Africa
Burkina Faso,2006,29.7582,Africa
Burkina Faso,2007,28.07848,Africa
Burkina Faso,2010,18.11396,Africa
Burkina Faso,2011,20.47988,Africa
Burkina Faso,2012,17.37351,Africa
Burkina Faso,2013,19.01221,Africa
Burkina Faso,2014,20.22056,Africa
Burkina Faso,2015,16.13029,Africa
Burundi,1999,11.96135,Africa
Burundi,2000,9.04612,Africa
Burundi,2001,10.11769,Africa
Burundi,2002,10.56828,Africa
Burundi,2004,13.9698,Africa
Burundi,2005,13.30148,Africa
Burundi,2008,13.63167,Africa
Burundi,2009,15.87194,Africa
Burundi,2010,14.43146,Africa
Burundi,2011,14.45543,Africa
Burundi,2012,12.6662,Africa
Burundi,2013,12.92904,Africa
Cape Verde,2002,17.02072,Africa
Cape Verde,2005,19.06788,Africa
Cape Verde,2006,18.31226,Africa
Cape Verde,2007,13.37293,Africa
Cape Verde,2008,12.63154,Africa
Cape Verde,2009,15.48596,Africa
Cape Verde,2011,15.70374,Africa
Cape Verde,2013,14.50744,Africa
Cape Verde,2014,16.47302,Africa
Cape Verde,2015,16.62463,Africa
Cape Verde,2016,17.06822,Africa
Cape Verde,2017,16.65962,Africa
Cambodia,1998,5.0387,Asia
Cambodia,2000,5.60921,Asia
Cambodia,2001,6.53504,Asia
Cambodia,2002,5.11723,Asia
Cambodia,2009,5.23165,Asia
Cambodia,2010,4.82626,Asia
Cambodia,2011,4.88275,Asia
Cambodia,2012,5.17677,Asia
Cambodia,2013,6.88314,Asia
Cambodia,2014,6.63865,Asia
Cameroon,2005,6.0289,Africa
Cameroon,2006,6.43976,Africa
Cameroon,2007,6.82803,Africa
Cameroon,2008,5.11196,Africa
Cameroon,2009,6.28029,Africa
Cameroon,2010,5.92604,Africa
Cameroon,2011,5.27591,Africa
Cameroon,2012,5.44964,Africa
Cayman Islands,2005,17.08667,North America
Cayman Islands,2006,17.06149,North America
Chad,1997,16.2653,Africa
Chad,1998,9.36695,Africa
Chad,2004,5.554,Africa
Chad,2005,6.20604,Africa
Chad,2009,9.47322,Africa
Chad,2010,7.08025,Africa
Chad,2011,5.8851,Africa
Chad,2012,6.30003,Africa
Chile,1997,13.39076,South America
Chile,1998,11.69179,South America
Chile,2000,13.85617,South America
Chile,2002,15.34352,South America
Chile,2003,14.58796,South America
Chile,2004,12.19072,South America
Chile,2005,11.47725,South America
Chile,2006,10.46523,South America
Chile,2007,11.21729,South America
Chile,2008,13.9227,South America
Chile,2009,16.12883,South America
Chile,2010,14.57257,South America
Chile,2011,15.01703,South America
Chile,2012,16.77241,South America
Chile,2013,15.78767,South America
Chile,2014,14.18282,South America
Chile,2015,15.18748,South America
Chile,2016,18.29521,South America
Chile,2017,18.38536,South America
Colombia,1998,13.17931,South America
Colombia,1999,15.15137,South America
Colombia,2000,11.87519,South America
Colombia,2001,12.96792,South America
Colombia,2004,15.77199,South America
Colombia,2005,15.40003,South America
Colombia,2007,12.38764,South America
Colombia,2008,12.3262,South America
Colombia,2009,15.48542,South America
Colombia,2010,15.46718,South America
Colombia,2011,14.75523,South America
Colombia,2012,14.86019,South America
Colombia,2013,16.59328,South America
Colombia,2014,17.04063,South America
Colombia,2015,17.41694,South America
Colombia,2016,17.44523,South America
Colombia,2017,17.84725,South America
Colombia,2018,16.98989,South America
Comoros,1998,5.48902,Africa
Comoros,2002,5.57682,Africa
Comoros,2008,16.14708,Africa
Comoros,2011,9.63088,Africa
Comoros,2013,8.10595,Africa
Comoros,2014,9.75717,Africa
"Congo, Dem. Rep.",2010,3.10452,Africa
"Congo, Dem. Rep.",2013,7.19307,Africa
"Congo, Rep.",2002,7.15206,Africa
"Congo, Rep.",2005,3.03459,Africa
"Congo, Rep.",2010,11.68812,Africa
Costa Rica,1999,17.46328,North America
Costa Rica,2000,15.66871,North America
Costa Rica,2001,15.14994,North America
Costa Rica,2002,16.49449,North America
Costa Rica,2004,16.90553,North America
Costa Rica,2006,14.54023,North America
Costa Rica,2007,14.90954,North America
Costa Rica,2008,16.22261,North America
Costa Rica,2009,21.20577,North America
Costa Rica,2010,24.44369,North America
Costa Rica,2011,23.20475,North America
Costa Rica,2012,24.78822,North America
Costa Rica,2013,24.75781,North America
Costa Rica,2014,25.14192,North America
Costa Rica,2015,26.71543,North America
Costa Rica,2016,24.86943,North America
Costa Rica,2017,22.2852,North America
Costa Rica,2018,20.82721,North America
Cote d'Ivoire,1997,15.42192,Africa
Cote d'Ivoire,1998,14.10458,Africa
Cote d'Ivoire,1999,14.31843,Africa
Cote d'Ivoire,2000,13.0342,Africa
Cote d'Ivoire,2001,12.75154,Africa
Cote d'Ivoire,2006,16.26761,Africa
Cote d'Ivoire,2007,16.46328,Africa
Cote d'Ivoire,2008,15.56569,Africa
Cote d'Ivoire,2009,15.51095,Africa
Cote d'Ivoire,2011,12.48176,Africa
Cote d'Ivoire,2012,13.59607,Africa
Cote d'Ivoire,2013,13.57966,Africa
Cote d'Ivoire,2014,12.75758,Africa
Cote d'Ivoire,2015,13.78098,Africa
Cote d'Ivoire,2016,15.7917,Africa
Cote d'Ivoire,2017,13.17057,Africa
Cote d'Ivoire,2018,13.27872,Africa
Cuba,1998,22.22913,North America
Cuba,1999,25.03074,North America
Cuba,2000,28.28703,North America
Cuba,2001,28.87794,North America
Cuba,2002,37.25261,North America
Cuba,2004,40.48471,North America
Cuba,2005,40.26802,North America
Cuba,2006,33.60052,North America
Cuba,2007,45.57016,North America
Cuba,2008,46.18943,North America
Cuba,2009,43.20693,North America
Cuba,2010,49.06773,North America
Cyprus,1999,15.93164,Europe
Cyprus,2000,14.92825,Europe
Cyprus,2001,17.57393,Europe
Cyprus,2002,18.42496,Europe
Cyprus,2003,21.29908,Europe
Cyprus,2004,19.8443,Europe
Cyprus,2005,20.69913,Europe
Cyprus,2006,22.12502,Europe
Cyprus,2007,23.47126,Europe
Cyprus,2008,25.87021,Europe
Cyprus,2009,28.88672,Europe
Cyprus,2010,30.88,Europe
Cyprus,2011,32.1672,Europe
Cyprus,2013,31.53895,Europe
Cyprus,2014,32.09534,Europe
Cyprus,2015,32.18788,Europe
Cyprus,2016,31.88086,Europe
Czech Republic,1998,9.65775,Europe
Czech Republic,1999,10.37504,Europe
Czech Republic,2000,10.55876,Europe
Czech Republic,2001,10.18336,Europe
Czech Republic,2002,10.79016,Europe
Czech Republic,2003,11.69317,Europe
Czech Republic,2004,11.63192,Europe
Czech Republic,2005,11.47255,Europe
Czech Republic,2006,12.37569,Europe
Czech Republic,2007,11.9492,Europe
Czech Republic,2008,12.43496,Europe
Czech Republic,2009,15.05327,Europe
Czech Republic,2010,14.86288,Europe
Czech Republic,2011,15.40649,Europe
Czech Republic,2012,15.70228,Europe
Czech Republic,2013,15.33593,Europe
Czech Republic,2014,15.10781,Europe
Czech Republic,2015,14.94718,Europe
Czech Republic,2016,13.8679,Europe
Denmark,1998,26.33723,Europe
Denmark,1999,24.05078,Europe
Denmark,2000,23.61791,Europe
Denmark,2001,24.80682,Europe
Denmark,2002,23.97886,Europe
Denmark,2004,24.20814,Europe
Denmark,2005,24.61318,Europe
Denmark,2006,23.94687,Europe
Denmark,2007,23.82334,Europe
Denmark,2008,24.10346,Europe
Denmark,2009,27.95176,Europe
Denmark,2010,27.88253,Europe
Denmark,2011,21.68502,Europe
Denmark,2012,25.61737,Europe
Denmark,2013,25.37714,Europe
Denmark,2014,25.05246,Europe
Djibouti,1998,41.80603,Africa
Djibouti,2006,21.50894,Africa
Djibouti,2007,22.71884,Africa
Djibouti,2008,23.11144,Africa
Djibouti,2016,37.32327,Africa
Dominica,2007,13.70551,North America
Dominica,2008,17.4377,North America
Dominica,2009,13.60483,North America
Dominica,2010,15.05707,North America
Dominica,2011,14.86315,North America
Dominica,2012,13.50686,North America
Dominica,2015,14.64306,North America
Dominican Republic,2002,7.48818,North America
Dominican Republic,2004,4.34337,North America
Dominican Republic,2005,6.43366,North America
Dominican Republic,2007,8.2772,North America
Dominican Republic,2008,6.71813,North America
Dominican Republic,2009,6.73028,North America
Dominican Republic,2010,7.05473,North America
Dominican Republic,2011,6.86943,North America
Dominican Republic,2012,8.6533,North America
Dominican Republic,2013,14.41983,North America
Dominican Republic,2014,14.76884,North America
Dominican Republic,2015,14.92318,North America
Dominican Republic,2016,15.80752,North America
Dominican Republic,2017,14.61223,North America
Dominican Republic,2018,16.18636,North America
Ecuador,1999,3.82341,South America
Ecuador,2000,2.85831,South America
Ecuador,2009,11.11195,South America
Ecuador,2010,10.36507,South America
Ecuador,2011,11.06979,South America
Ecuador,2012,10.71402,South America
Ecuador,2013,11.7664,South America
Ecuador,2014,10.30478,South America
Ecuador,2015,9.43166,South America
Ecuador,2016,9.51098,South America
El Salvador,1998,9.28548,North America
El Salvador,1999,9.34236,North America
El Salvador,2000,9.41027,North America
El Salvador,2002,11.46851,North America
El Salvador,2003,10.57389,North America
El Salvador,2005,9.38201,North America
El Salvador,2006,9.93257,North America
El Salvador,2007,9.51253,North America
El Salvador,2008,10.45021,North America
El Salvador,2010,11.36629,North America
El Salvador,2012,11.52723,North America
El Salvador,2013,12.46292,North America
El Salvador,2014,13.16348,North America
El Salvador,2015,13.55766,North America
El Salvador,2016,16.15496,North America
El Salvador,2017,16.03698,North America
El Salvador,2018,16.10453,North America
Eritrea,2001,8.53737,Africa
Eritrea,2002,6.88606,Africa
Eritrea,2004,5.26822,Africa
Estonia,1997,18.12812,Europe
Estonia,1998,17.20986,Europe
Estonia,1999,21.01852,Europe
Estonia,2001,18.23332,Europe
Estonia,2002,19.45395,Europe
Estonia,2003,19.05644,Europe
Estonia,2004,18.71725,Europe
Estonia,2005,19.41023,Europe
Estonia,2007,19.19181,Europe
Estonia,2008,25.22305,Europe
Estonia,2009,27.1246,Europe
Estonia,2010,24.79584,Europe
Estonia,2011,22.2866,Europe
Estonia,2012,22.53824,Europe
Estonia,2013,25.87764,Europe
Estonia,2014,22.38644,Europe
Estonia,2015,19.99539,Europe
Estonia,2016,20.29085,Europe
Eswatini,1999,7.92192,Africa
Eswatini,2000,9.08873,Africa
Eswatini,2001,7.30044,Africa
Eswatini,2002,7.99377,Africa
Eswatini,2003,9.00321,Africa
Eswatini,2004,9.98046,Africa
Eswatini,2005,12.14853,Africa
Eswatini,2006,11.88632,Africa
Eswatini,2008,9.97787,Africa
Eswatini,2010,13.19017,Africa
Eswatini,2011,14.74651,Africa
Eswatini,2014,16.46033,Africa
Ethiopia,1997,18.80715,Africa
Ethiopia,2009,9.1739,Africa
Ethiopia,2010,7.98136,Africa
Ethiopia,2011,8.91555,Africa
Ethiopia,2012,8.44536,Africa
Ethiopia,2014,8.50257,Africa
Ethiopia,2015,7.87686,Africa
Fiji,2004,17.37067,Oceania
Fiji,2011,15.78444,Oceania
Fiji,2013,12.35277,Oceania
Finland,1999,16.81586,Europe
Finland,2000,16.3202,Europe
Finland,2001,16.73011,Europe
Finland,2002,17.20851,Europe
Finland,2003,17.70462,Europe
Finland,2004,17.78093,Europe
Finland,2005,17.21847,Europe
Finland,2006,17.3281,Europe
Finland,2007,16.79146,Europe
Finland,2008,17.70355,Europe
Finland,2009,19.51865,Europe
Finland,2010,20.12141,Europe
Finland,2011,20.22268,Europe
Finland,2012,20.60201,Europe
Finland,2013,20.71923,Europe
Finland,2014,21.13702,Europe
Finland,2015,21.99535,Europe
Finland,2016,21.50883,Europe
France,1999,17.48975,Europe
France,2000,17.52698,Europe
France,2003,17.74476,Europe
France,2004,17.95336,Europe
France,2005,17.54639,Europe
France,2006,17.2182,Europe
France,2007,17.83394,Europe
France,2008,17.5281,Europe
France,2009,17.99072,Europe
France,2010,18.15487,Europe
France,2011,17.91099,Europe
France,2012,17.49746,Europe
France,2013,17.71386,Europe
France,2014,17.68894,Europe
France,2015,17.53958,Europe
France,2016,17.3647,Europe
Georgia,2008,12.99487,Europe
Georgia,2011,11.08271,Europe
Georgia,2012,8.84112,Europe
Germany,1998,16.4901,Europe
Germany,2006,15.60472,Europe
Germany,2007,15.13138,Europe
Germany,2008,15.10081,Europe
Germany,2009,17.1887,Europe
Germany,2010,17.66182,Europe
Germany,2011,17.05452,Europe
Germany,2012,17.32327,Europe
Germany,2013,17.55396,Europe
Germany,2014,17.6705,Europe
Germany,2015,17.50845,Europe
Germany,2016,17.44257,Europe
Ghana,2001,17.96058,Africa
Ghana,2004,23.75687,Africa
Ghana,2005,21.80533,Africa
Ghana,2006,13.87324,Africa
Ghana,2007,12.88503,Africa
Ghana,2008,12.94008,Africa
Ghana,2009,11.6387,Africa
Ghana,2011,24.35381,Africa
Ghana,2012,17.22794,Africa
Ghana,2013,7.27847,Africa
Ghana,2014,6.44452,Africa
Greece,2015,20.20131,Europe
Greece,2016,20.26908,Europe
Grenada,2003,8.92051,North America
Grenada,2017,8.17698,North America
Guatemala,2000,6.90485,North America
Guatemala,2001,8.68612,North America
Guatemala,2002,7.6417,North America
Guatemala,2004,5.57088,North America
Guatemala,2005,5.9466,North America
Guatemala,2006,11.16201,North America
Guatemala,2007,10.53912,North America
Guatemala,2008,10.66501,North America
Guatemala,2010,8.58592,North America
Guatemala,2011,9.31297,North America
Guatemala,2012,9.8154,North America
Guatemala,2013,9.3497,North America
Guatemala,2014,9.51939,North America
Guatemala,2015,10.06501,North America
Guatemala,2016,11.08353,North America
Guatemala,2017,11.36856,North America
Guatemala,2018,11.88315,North America
Guinea,2008,4.60409,Africa
Guinea,2009,6.59926,Africa
Guinea,2010,6.96047,Africa
Guinea,2011,5.4507,Africa
Guinea,2012,5.31877,Africa
Guinea,2013,6.91242,Africa
Guinea,2014,6.07708,Africa
Guinea,2016,6.81269,Africa
Guyana,2003,18.10317,South America
Guyana,2007,8.70349,South America
Guyana,2009,8.02104,South America
Guyana,2010,7.98486,South America
Guyana,2011,7.8071,South America
Guyana,2012,7.774,South America
Honduras,2010,19.93053,North America
Honduras,2013,21.43893,North America
Hong Kong,2001,12.18348,Asia
Hong Kong,2002,12.62231,Asia
Hong Kong,2003,13.86127,Asia
Hong Kong,2004,14.90731,Asia
Hong Kong,2005,14.36459,Asia
Hong Kong,2006,13.52402,Asia
Hong Kong,2007,12.27177,Asia
Hong Kong,2008,12.37473,Asia
Hong Kong,2009,13.48292,Asia
Hong Kong,2010,14.69727,Asia
Hong Kong,2011,14.72283,Asia
Hong Kong,2012,14.18967,Asia
Hong Kong,2013,14.71088,Asia
Hong Kong,2014,14.9165,Asia
Hong Kong,2015,14.85107,Asia
Hong Kong,2016,15.024,Asia
Hong Kong,2017,14.94539,Asia
Hong Kong,2018,14.82783,Asia
Hungary,1998,17.67519,Europe
Hungary,1999,17.55097,Europe
Hungary,2000,18.89933,Europe
Hungary,2001,19.53701,Europe
Hungary,2002,19.90381,Europe
Hungary,2003,21.37108,Europe
Hungary,2004,22.89192,Europe
Hungary,2005,25.0777,Europe
Hungary,2006,25.06628,Europe
Hungary,2007,24.70849,Europe
Hungary,2008,21.41809,Europe
Hungary,2009,21.56424,Europe
Hungary,2010,21.93123,Europe
Hungary,2011,19.13186,Europe
Hungary,2012,18.73372,Europe
Hungary,2013,22.00597,Europe
Hungary,2014,14.54597,Europe
Hungary,2015,18.67208,Europe
Hungary,2016,19.06479,Europe
Iceland,1999,21.40274,Europe
Iceland,2000,21.45009,Europe
Iceland,2001,20.81703,Europe
Iceland,2002,24.21531,Europe
Iceland,2003,23.27294,Europe
Iceland,2004,23.44304,Europe
Iceland,2005,24.83495,Europe
Iceland,2006,25.25052,Europe
Iceland,2007,24.8153,Europe
Iceland,2008,25.15501,Europe
Iceland,2009,24.98791,Europe
Iceland,2010,24.3018,Europe
Iceland,2011,24.88264,Europe
Iceland,2012,23.35429,Europe
Iceland,2013,23.30171,Europe
Iceland,2014,24.10316,Europe
Iceland,2015,22.79978,Europe
Iceland,2016,22.10298,Europe
India,1999,12.18634,Asia
India,2000,14.84075,Asia
India,2001,13.73107,Asia
India,2003,11.35044,Asia
India,2009,7.58993,Asia
India,2010,7.49038,Asia
India,2011,9.0303,Asia
India,2012,9.40785,Asia
India,2013,9.79172,Asia
Indonesia,2007,11.48652,Asia
Indonesia,2008,11.36056,Asia
Indonesia,2009,13.48797,Asia
Indonesia,2010,9.96239,Asia
Indonesia,2012,11.48465,Asia
Indonesia,2013,11.92782,Asia
Indonesia,2014,12.27912,Asia
Indonesia,2015,13.28127,Asia
Iran,2001,8.64769,Asia
Iran,2002,10.29219,Asia
Iran,2003,10.10739,Asia
Iran,2004,10.22692,Asia
Iran,2005,10.11221,Asia
Iran,2006,14.14696,Asia
Iran,2007,15.9579,Asia
Iran,2008,13.58686,Asia
Iran,2009,12.36298,Asia
Iran,2010,11.85865,Asia
Iran,2011,12.31957,Asia
Iran,2012,10.45483,Asia
Iran,2013,7.73182,Asia
Iran,2014,7.74192,Asia
Iran,2015,7.55314,Asia
Iran,2016,9.52057,Asia
Iran,2017,11.11757,Asia
Ireland,1998,11.20263,Europe
Ireland,1999,10.76528,Europe
Ireland,2000,10.79667,Europe
Ireland,2001,11.39069,Europe
Ireland,2002,11.77405,Europe
Ireland,2003,12.83365,Europe
Ireland,2004,13.58711,Europe
Ireland,2005,13.93964,Europe
Ireland,2006,14.25449,Europe
Ireland,2007,15.27455,Europe
Ireland,2008,18.04957,Europe
Ireland,2009,19.94379,Europe
Ireland,2010,19.21821,Europe
Ireland,2011,18.73773,Europe
Ireland,2012,18.54038,Europe
Ireland,2013,16.66697,Europe
Ireland,2014,15.34303,Europe
Ireland,2015,11.83086,Europe
Ireland,2016,11.84396,Europe
Israel,1999,21.16459,Asia
Israel,2000,20.16,Asia
Israel,2001,21.85139,Asia
Israel,2002,22.45484,Asia
Israel,2003,21.74141,Asia
Israel,2004,20.92211,Asia
Israel,2005,20.75145,Asia
Israel,2006,20.58486,Asia
Israel,2007,19.782,Asia
Israel,2008,19.92081,Asia
Israel,2009,19.96577,Asia
Israel,2010,21.54325,Asia
Israel,2011,22.40658,Asia
Israel,2012,20.73424,Asia
Israel,2013,20.8717,Asia
Israel,2014,20.69993,Asia
Israel,2015,21.34266,Asia
Israel,2016,21.53058,Asia
Italy,1998,22.20491,Europe
Italy,1999,23.11314,Europe
Italy,2000,22.28217,Europe
Italy,2001,22.79092,Europe
Italy,2002,23.48252,Europe
Italy,2003,24.09947,Europe
Italy,2004,23.63853,Europe
Italy,2005,21.84876,Europe
Italy,2006,23.6925,Europe
Italy,2007,21.40784,Europe
Italy,2008,23.09172,Europe
Italy,2009,23.94258,Europe
Italy,2010,22.83465,Europe
Italy,2011,21.51857,Europe
Italy,2012,20.41177,Europe
Italy,2013,21.38818,Europe
Italy,2014,21.20796,Europe
Italy,2015,21.73441,Europe
Italy,2016,19.52238,Europe
Jamaica,2003,12.83743,North America
Jamaica,2004,10.44276,North America
Jamaica,2005,13.1913,North America
Jamaica,2007,17.99525,North America
Jamaica,2008,16.43938,North America
Jamaica,2009,18.33706,North America
Jamaica,2010,21.98013,North America
Jamaica,2011,21.56639,North America
Jamaica,2012,22.68455,North America
Jamaica,2013,23.1628,North America
Jamaica,2014,23.52822,North America
Jamaica,2015,22.17824,North America
Jamaica,2016,21.77293,North America
Jamaica,2017,23.44592,North America
Jamaica,2018,21.68464,North America
Japan,2013,22.97133,Asia
Japan,2014,22.54562,Asia
Japan,2016,21.78104,Asia
Jordan,1998,14.41569,Asia
Jordan,1999,14.6789,Asia
Jordan,2002,15.1644,Asia
Jordan,2003,16.59573,Asia
Jordan,2004,15.34123,Asia
Jordan,2005,16.44838,Asia
Jordan,2006,13.89944,Asia
Jordan,2007,13.88748,Asia
Jordan,2008,13.82978,Asia
Jordan,2011,15.14867,Asia
Jordan,2016,14.87272,Asia
Jordan,2017,13.53875,Asia
Jordan,2018,13.30793,Asia
Kazakhstan,2017,0.26455,Asia
Kazakhstan,2018,0.23507,Asia
Kenya,2000,21.81294,Africa
Kenya,2001,21.36094,Africa
Kenya,2003,23.74441,Africa
Kenya,2004,24.70719,Africa
Kenya,2006,22.89785,Africa
Kenya,2012,10.09882,Africa
Kenya,2014,10.63254,Africa
Kenya,2015,10.95105,Africa
Kiribati,1999,27.09761,Oceania
Kiribati,2000,25.27998,Oceania
Kiribati,2001,22.51705,Oceania
Kuwait,1997,43.39998,Asia
Kuwait,2001,17.88519,Asia
Kuwait,2002,17.39744,Asia
Kuwait,2003,16.87567,Asia
Kuwait,2004,14.22543,Asia
Kuwait,2005,10.19451,Asia
Kuwait,2006,8.56655,Asia
Kuwait,2008,10.23347,Asia
Kuwait,2011,17.42814,Asia
Kuwait,2014,14.37769,Asia
Laos,1997,5.75385,Asia
Laos,2002,8.1949,Asia
Laos,2005,9.74683,Asia
Laos,2009,4.36158,Asia
Laos,2010,5.41822,Asia
Laos,2011,4.328,Asia
Laos,2012,5.78487,Asia
Laos,2013,9.9565,Asia
Laos,2014,9.10321,Asia
Latvia,1998,17.90055,Europe
Latvia,1999,18.86803,Europe
Latvia,2000,19.39073,Europe
Latvia,2001,19.51486,Europe
Latvia,2002,21.3041,Europe
Latvia,2003,19.25544,Europe
Latvia,2004,19.35567,Europe
Latvia,2006,33.63857,Europe
Latvia,2007,20.95946,Europe
Latvia,2008,26.80057,Europe
Latvia,2009,29.45496,Europe
Latvia,2010,26.70617,Europe
Latvia,2011,24.71599,Europe
Latvia,2012,33.09911,Europe
Latvia,2013,36.91353,Europe
Latvia,2014,27.32363,Europe
Latvia,2015,26.76693,Europe
Latvia,2016,24.50426,Europe
Lesotho,1997,21.79617,Africa
Lesotho,1999,33.54062,Africa
Lesotho,2000,27.16386,Africa
Lesotho,2001,24.66973,Africa
Lesotho,2005,24.42134,Africa
Lesotho,2006,21.37825,Africa
Lesotho,2008,21.55378,Africa
Lesotho,2018,20.7122,Africa
Liberia,2015,3.94327,Africa
Liberia,2016,14.49935,Africa
Liechtenstein,2003,11.094,Europe
Liechtenstein,2004,10.72946,Europe
Liechtenstein,2006,9.91879,Europe
Liechtenstein,2007,9.2166,Europe
Liechtenstein,2008,10.45928,Europe
Liechtenstein,2010,20.91567,Europe
Liechtenstein,2011,17.78872,Europe
Lithuania,2003,14.06213,Europe
Lithuania,2004,14.67982,Europe
Lithuania,2005,15.27649,Europe
Lithuania,2006,15.76539,Europe
Lithuania,2007,14.89709,Europe
Lithuania,2008,16.99215,Europe
Lithuania,2009,17.6682,Europe
Lithuania,2010,22.40099,Europe
Lithuania,2011,20.44285,Europe
Lithuania,2012,19.70147,Europe
Lithuania,2013,19.15043,Europe
Lithuania,2014,18.47169,Europe
Lithuania,2015,18.59952,Europe
Lithuania,2016,19.49595,Europe
Luxembourg,2008,15.30209,Europe
Luxembourg,2010,24.25985,Europe
Luxembourg,2011,24.55558,Europe
Luxembourg,2012,20.95312,Europe
Luxembourg,2013,19.57115,Europe
Luxembourg,2014,19.45288,Europe
Luxembourg,2015,19.6895,Europe
"Macao SAR, China",2000,7.50107,Asia
"Macao SAR, China",2002,6.37981,Asia
"Macao SAR, China",2003,7.6155,Asia
Madagascar,1998,5.90268,Africa
Madagascar,2005,11.23959,Africa
Madagascar,2006,9.82751,Africa
Madagascar,2007,9.33509,Africa
Madagascar,2008,7.75504,Africa
Madagascar,2009,7.90264,Africa
Madagascar,2011,6.61123,Africa
Madagascar,2012,6.56652,Africa
Malawi,1999,13.32263,Africa
Malawi,2000,11.16389,Africa
Malawi,2001,7.98872,Africa
Malawi,2010,5.0869,Africa
Malawi,2011,5.86816,Africa
Malawi,2013,7.75208,Africa
Malawi,2014,9.25883,Africa
Malawi,2015,9.55053,Africa
Malawi,2016,8.15872,Africa
Malaysia,2000,12.43549,Asia
Malaysia,2001,16.26364,Asia
Malaysia,2002,19.21435,Asia
Malaysia,2003,17.75156,Asia
Malaysia,2004,13.96764,Asia
Malaysia,2006,10.12201,Asia
Malaysia,2007,10.8171,Asia
Malaysia,2008,13.05772,Asia
Malaysia,2009,14.19945,Asia
Malaysia,2010,12.38303,Asia
Malaysia,2011,14.92751,Asia
Malaysia,2012,17.28464,Asia
Malaysia,2013,15.99801,Asia
Malaysia,2014,15.79552,Asia
Malaysia,2015,16.07894,Asia
Malaysia,2016,16.12796,Asia
Malaysia,2017,16.13708,Asia
Maldives,2003,13.18261,Asia
Maldives,2004,12.40768,Asia
Maldives,2005,14.99707,Asia
Maldives,2006,13.98258,Asia
Maldives,2008,16.41989,Asia
Maldives,2009,19.82613,Asia
Maldives,2010,15.19084,Asia
Maldives,2011,14.57279,Asia
Maldives,2012,15.50869,Asia
Maldives,2013,16.20514,Asia
Maldives,2014,15.17783,Asia
Maldives,2015,18.69794,Asia
Maldives,2016,16.07814,Asia
Mali,1998,14.22415,Africa
Mali,1999,11.07525,Africa
Mali,2008,10.33353,Africa
Mali,2009,12.8986,Africa
Mali,2010,6.30255,Africa
Mali,2011,10.59471,Africa
Mali,2012,10.07795,Africa
Mali,2013,10.30013,Africa
Mali,2014,12.23003,Africa
Mali,2015,13.43451,Africa
Mali,2016,9.34227,Africa
Mali,2017,12.3362,Africa
Malta,1998,11.01968,Europe
Malta,2002,11.96072,Europe
Malta,2004,12.15758,Europe
Malta,2007,19.05637,Europe
Malta,2008,19.68954,Europe
Malta,2009,19.00066,Europe
Malta,2010,23.18217,Europe
Malta,2011,19.93646,Europe
Malta,2012,26.36405,Europe
Malta,2013,28.51388,Europe
Malta,2014,27.11666,Europe
Malta,2015,22.83451,Europe
Mauritania,1997,10.05923,Africa
Mauritania,1999,9.80776,Africa
Mauritania,2005,8.36929,Africa
Mauritania,2008,10.53936,Africa
Mauritania,2010,11.26867,Africa
Mauritania,2011,9.23671,Africa
Mauritania,2012,8.78447,Africa
Mauritania,2013,8.51612,Africa
Mauritania,2015,9.59914,Africa
Mauritania,2016,10.18348,Africa
Mauritius,2001,9.14667,Africa
Mauritius,2002,8.44093,Africa
Mauritius,2003,12.88778,Africa
Mauritius,2004,12.41251,Africa
Mauritius,2005,10.94748,Africa
Mauritius,2006,9.81908,Africa
Mauritius,2008,9.05857,Africa
Mauritius,2009,8.50587,Africa
Mauritius,2010,10.19572,Africa
Mauritius,2011,9.74477,Africa
Mauritius,2012,9.97864,Africa
Mauritius,2013,11.45965,Africa
Mauritius,2014,13.33654,Africa
Mauritius,2015,12.51795,Africa
Mauritius,2016,14.08182,Africa
Mauritius,2017,15.73389,Africa
Mauritius,2018,15.56837,Africa
Mexico,1998,7.81185,North America
Mexico,1999,9.4617,North America
Mexico,2000,10.79037,North America
Mexico,2001,11.37896,North America
Mexico,2002,11.95263,North America
Mexico,2003,13.82544,North America
Mexico,2004,13.36951,North America
Mexico,2005,13.65558,North America
Mexico,2006,13.44618,North America
Mexico,2007,13.38607,North America
Mexico,2008,13.52084,North America
Mexico,2009,14.21869,North America
Mexico,2010,14.20939,North America
Mexico,2011,14.04204,North America
Mexico,2012,13.90573,North America
Mexico,2013,14.2666,North America
Mexico,2014,14.25357,North America
Mexico,2015,14.4207,North America
Mexico,2016,13.78185,North America
Moldova,2007,31.61991,Europe
Moldova,2008,33.63929,Europe
Moldova,2009,41.71911,Europe
Moldova,2010,34.51114,Europe
Moldova,2011,34.62075,Europe
Moldova,2012,32.88183,Europe
Moldova,2014,36.5398,Europe
Moldova,2015,34.82502,Europe
Moldova,2016,32.54519,Europe
Moldova,2017,32.53601,Europe
Moldova,2018,32.53494,Europe
Monaco,1997,3.02762,Europe
Monaco,1998,3.28531,Europe
Monaco,1999,3.24423,Europe
Monaco,2000,3.16599,Europe
Monaco,2004,3.5027,Europe
Monaco,2009,3.90977,Europe
Monaco,2010,3.93134,Europe
Monaco,2011,3.86803,Europe
Monaco,2012,3.76884,Europe
Monaco,2013,3.6851,Europe
Monaco,2014,3.48192,Europe
Monaco,2016,3.31307,Europe
Mongolia,2004,11.48349,Asia
Mongolia,2007,13.58282,Asia
Mongolia,2009,14.9102,Asia
Mongolia,2010,12.40333,Asia
Mongolia,2011,15.73539,Asia
Mongolia,2012,10.52005,Asia
Mongolia,2013,13.09773,Asia
Mongolia,2014,14.10839,Asia
Mongolia,2015,13.1827,Asia
Mongolia,2016,16.58952,Asia
Mongolia,2017,14.10634,Asia
Morocco,1998,18.07312,Africa
Morocco,1999,16.62044,Africa
Morocco,2000,17.25767,Africa
Morocco,2001,16.11648,Africa
Morocco,2002,16.33624,Africa
Morocco,2003,15.88767,Africa
Morocco,2004,15.96441,Africa
Morocco,2005,19.46297,Africa
Morocco,2006,16.66502,Africa
Morocco,2007,13.88722,Africa
Morocco,2008,15.66367,Africa
Morocco,2009,16.69886,Africa
Morocco,2010,17.88267,Africa
Morocco,2011,18.03287,Africa
Morocco,2012,18.9148,Africa
Morocco,2013,19.49905,Africa
Mozambique,2006,12.47105,Africa
Mozambique,2012,14.6371,Africa
Mozambique,2013,14.6503,Africa
Myanmar,2017,7.66681,Asia
Myanmar,2018,7.81464,Asia
Namibia,1999,18.90874,Africa
Namibia,2000,18.9153,Africa
Namibia,2001,19.09174,Africa
Namibia,2002,19.00803,Africa
Namibia,2003,18.12045,Africa
Namibia,2005,13.2024,Africa
Namibia,2006,17.97126,Africa
Namibia,2008,15.12292,Africa
Namibia,2010,17.08606,Africa
Nepal,1999,8.98008,Asia
Nepal,2000,10.18187,Asia
Nepal,2001,13.56601,Asia
Nepal,2002,11.79508,Asia
Nepal,2003,11.06862,Asia
Nepal,2008,14.17214,Asia
Nepal,2009,16.37681,Asia
Nepal,2010,11.09709,Asia
Nepal,2011,11.42569,Asia
Nepal,2012,11.53445,Asia
Nepal,2013,11.22594,Asia
Nepal,2014,13.05722,Asia
Nepal,2015,12.35956,Asia
Netherlands,1998,14.13504,Europe
Netherlands,2015,16.84558,Europe
Netherlands,2016,16.66924,Europe
New Zealand,1997,17.44218,Oceania
New Zealand,2013,19.41374,Oceania
New Zealand,2014,18.17504,Oceania
New Zealand,2015,18.34146,Oceania
New Zealand,2016,20.32099,Oceania
Nicaragua,2004,6.82292,North America
Nicaragua,2005,7.65521,North America
Nicaragua,2006,7.68605,North America
Nicaragua,2010,11.25575,North America
Niger,2003,25.73074,Africa
Niger,2006,29.09842,Africa
Niger,2007,33.51302,Africa
Niger,2008,28.00896,Africa
Niger,2009,29.3888,Africa
Niger,2010,21.70959,Africa
Niger,2011,21.24614,Africa
Niger,2012,19.50637,Africa
Niger,2013,22.37595,Africa
Niger,2014,29.66632,Africa
Niger,2015,22.53418,Africa
Niger,2016,16.47221,Africa
Niger,2017,13.30223,Africa
Norway,1997,37.94443,Europe
Norway,1998,21.38928,Europe
Norway,2002,20.02783,Europe
Norway,2003,20.84973,Europe
Norway,2004,19.58362,Europe
Norway,2005,18.49543,Europe
Norway,2006,17.75926,Europe
Norway,2007,17.85465,Europe
Norway,2008,17.57616,Europe
Norway,2009,20.91804,Europe
Norway,2010,20.7242,Europe
Norway,2011,19.57995,Europe
Norway,2012,19.2561,Europe
Norway,2013,19.93863,Europe
Norway,2014,19.93082,Europe
Norway,2015,21.50107,Europe
Norway,2016,21.70425,Europe
Oman,1997,9.9098,Asia
Oman,1998,11.54239,Asia
Oman,1999,10.71111,Asia
Oman,2001,11.04585,Asia
Oman,2002,14.92784,Asia
Oman,2005,14.30091,Asia
Oman,2009,13.1414,Asia
Oman,2011,15.62354,Asia
Oman,2016,31.77481,Asia
Pakistan,2013,8.40863,Asia
Pakistan,2014,8.52796,Asia
Pakistan,2015,8.09756,Asia
Panama,1999,13.26482,North America
Panama,2000,13.55134,North America
Panama,2001,10.38052,North America
Panama,2002,10.08778,North America
Panama,2004,9.39577,North America
Panama,2007,11.9181,North America
Panama,2011,6.25014,North America
Paraguay,2000,10.81172,South America
Paraguay,2001,10.17672,South America
Paraguay,2002,9.17988,South America
Paraguay,2003,9.45778,South America
Paraguay,2004,8.23651,South America
Paraguay,2007,7.20452,South America
Paraguay,2010,7.94887,South America
Paraguay,2011,8.63235,South America
Paraguay,2012,10.74841,South America
Paraguay,2016,11.67423,South America
Peru,1998,7.88182,South America
Peru,1999,8.53039,South America
Peru,2000,8.24191,South America
Peru,2001,7.34666,South America
Peru,2002,6.6149,South America
Peru,2003,6.88294,South America
Peru,2004,7.35782,South America
Peru,2005,6.90613,South America
Peru,2006,7.48823,South America
Peru,2007,7.6265,South America
Peru,2008,8.60098,South America
Peru,2009,9.63857,South America
Peru,2010,8.81718,South America
Peru,2011,8.24434,South America
Peru,2012,9.07666,South America
Peru,2013,10.99138,South America
Peru,2014,12.22761,South America
Peru,2015,12.56451,South America
Peru,2016,11.48576,South America
Peru,2017,11.69517,South America
Peru,2018,11.22288,South America
Philippines,1997,12.48937,Asia
Philippines,2000,12.0753,Asia
Philippines,2001,11.36434,Asia
Philippines,2002,10.81386,Asia
Philippines,2003,11.47354,Asia
Philippines,2004,9.0319,Asia
Philippines,2005,8.37287,Asia
Philippines,2007,8.73217,Asia
Philippines,2008,9.0567,Asia
Poland,2002,22.4031,Europe
Poland,2003,22.79374,Europe
Poland,2004,22.56997,Europe
Poland,2005,23.53902,Europe
Poland,2006,24.82351,Europe
Poland,2007,24.114,Europe
Poland,2008,25.11956,Europe
Poland,2009,25.75358,Europe
Poland,2010,26.77388,Europe
Poland,2011,25.70863,Europe
Poland,2012,25.82864,Europe
Poland,2013,26.41847,Europe
Poland,2014,25.9964,Europe
Poland,2015,23.84992,Europe
Poland,2016,23.08263,Europe
Portugal,1999,18.67573,Europe
Portugal,2000,19.60965,Europe
Portugal,2001,20.90474,Europe
Portugal,2002,22.03138,Europe
Portugal,2003,21.84028,Europe
Portugal,2004,21.78473,Europe
Portugal,2005,21.67935,Europe
Portugal,2006,20.76202,Europe
Portugal,2007,19.2106,Europe
Portugal,2008,18.97337,Europe
Portugal,2009,21.35387,Europe
Portugal,2010,21.00495,Europe
Portugal,2011,20.76488,Europe
Portugal,2012,20.89649,Europe
Portugal,2013,23.85649,Europe
Portugal,2014,23.83291,Europe
Portugal,2015,22.50957,Europe
Puerto Rico,2013,19.32814,North America
Puerto Rico,2014,18.54029,North America
Romania,2003,12.27658,Europe
Romania,2004,9.86897,Europe
Romania,2005,10.5907,Europe
Romania,2006,36.22043,Europe
Romania,2007,18.78327,Europe
Romania,2008,18.37564,Europe
Romania,2009,17.54821,Europe
Romania,2010,13.78714,Europe
Romania,2011,11.79305,Europe
Romania,2012,11.08503,Europe
Romania,2013,10.62756,Europe
Romania,2014,9.01498,Europe
Romania,2015,8.65312,Europe
Romania,2016,7.82649,Europe
Rwanda,2000,10.45708,Africa
Rwanda,2005,8.09966,Africa
Rwanda,2007,8.49158,Africa
Rwanda,2008,7.38939,Africa
Rwanda,2010,7.64487,Africa
Rwanda,2011,6.33984,Africa
Rwanda,2012,7.22609,Africa
Rwanda,2013,6.54429,Africa
Rwanda,2015,5.54209,Africa
Rwanda,2016,5.47035,Africa
Rwanda,2018,4.25557,Africa
Samoa,1999,8.1093,Oceania
Samoa,2000,7.20234,Oceania
Samoa,2001,8.63119,Oceania
Samoa,2002,10.56345,Oceania
Samoa,2016,8.96586,Oceania
San Marino,2010,14.49764,Europe
San Marino,2011,16.08418,Europe
Sao Tome and Principe,2012,18.15703,Africa
Sao Tome and Principe,2013,17.50715,Africa
Sao Tome and Principe,2014,11.87365,Africa
Senegal,1998,9.18104,Africa
Senegal,2005,13.02792,Africa
Senegal,2006,13.19144,Africa
Senegal,2008,13.28715,Africa
Senegal,2009,17.27722,Africa
Senegal,2010,16.7507,Africa
Senegal,2011,14.63009,Africa
Senegal,2012,14.49724,Africa
Senegal,2013,15.07399,Africa
Senegal,2014,14.66828,Africa
Senegal,2015,13.74234,Africa
Senegal,2016,11.80185,Africa
Senegal,2018,10.90433,Africa
Serbia,2007,50.20207,Europe
Serbia,2008,53.22308,Europe
Serbia,2009,54.79301,Europe
Serbia,2010,51.10212,Europe
Serbia,2011,48.06522,Europe
Serbia,2015,43.65488,Europe
Seychelles,1998,8.61042,Africa
Seychelles,2002,14.4642,Africa
Seychelles,2003,15.40933,Africa
Seychelles,2011,8.68979,Africa
Seychelles,2012,10.2706,Africa
Seychelles,2013,12.8518,Africa
Seychelles,2014,15.84963,Africa
Seychelles,2016,14.19805,Africa
Sierra Leone,2011,7.70711,Africa
Sierra Leone,2012,7.625,Africa
Sierra Leone,2013,6.14009,Africa
Sierra Leone,2016,5.66124,Africa
Sierra Leone,2017,4.75965,Africa
Sierra Leone,2018,12.36935,Africa
Singapore,2008,9.46673,Asia
Singapore,2009,10.50974,Asia
Singapore,2010,10.86314,Asia
Singapore,2017,17.51811,Asia
Slovak Republic,1997,24.39578,Europe
Slovak Republic,1999,10.01457,Europe
Slovak Republic,2000,10.54801,Europe
Slovak Republic,2001,10.52031,Europe
Slovak Republic,2002,11.03804,Europe
Slovak Republic,2003,12.5474,Europe
Slovak Republic,2004,11.59984,Europe
Slovak Republic,2005,14.30109,Europe
Slovak Republic,2006,14.91948,Europe
Slovak Republic,2007,15.18528,Europe
Slovak Republic,2008,15.18246,Europe
Slovak Republic,2009,18.25192,Europe
Slovak Republic,2010,21.57581,Europe
Slovak Republic,2011,19.47233,Europe
Slovak Republic,2012,18.47706,Europe
Slovak Republic,2013,20.03757,Europe
Slovak Republic,2014,19.88464,Europe
Slovak Republic,2015,21.6772,Europe
Slovak Republic,2016,20.8158,Europe
Slovenia,2001,25.65302,Europe
Slovenia,2002,27.4273,Europe
Slovenia,2003,28.38557,Europe
Slovenia,2010,30.41403,Europe
Slovenia,2011,30.00851,Europe
Slovenia,2012,29.89206,Europe
Slovenia,2013,28.4376,Europe
Slovenia,2014,27.30189,Europe
Slovenia,2015,24.55179,Europe
Slovenia,2016,23.5703,Europe
South Africa,1999,14.4361,Africa
South Africa,2000,13.97102,Africa
South Africa,2001,13.79207,Africa
South Africa,2002,13.74888,Africa
South Africa,2003,12.53918,Africa
South Africa,2004,12.8215,Africa
South Africa,2005,13.81449,Africa
South Africa,2006,14.97756,Africa
South Africa,2007,14.05692,Africa
South Africa,2008,13.31467,Africa
South Africa,2009,14.84732,Africa
South Africa,2010,17.20415,Africa
South Africa,2011,17.6054,Africa
South Africa,2012,19.01025,Africa
South Africa,2014,17.8295,Africa
South Africa,2017,17.6493,Africa
South Africa,2018,17.94111,Africa
South Korea,1998,16.44121,Asia
South Korea,1999,16.90531,Asia
South Korea,2016,27.84732,Asia
South Sudan,2011,3.41334,Africa
South Sudan,2016,4.57838,Africa
Spain,1998,16.97009,Europe
Spain,1999,17.73268,Europe
Spain,2000,17.22694,Europe
Spain,2001,17.52693,Europe
Spain,2002,17.76286,Europe
Spain,2003,18.16935,Europe
Spain,2004,18.5236,Europe
Spain,2005,18.70023,Europe
Spain,2006,19.01719,Europe
Spain,2007,19.04052,Europe
Spain,2008,20.00129,Europe
Spain,2009,21.27594,Europe
Spain,2010,21.0723,Europe
Spain,2011,20.95462,Europe
Spain,2012,18.2858,Europe
Spain,2013,17.62613,Europe
Spain,2014,17.33387,Europe
Spain,2015,17.27588,Europe
Spain,2016,17.11832,Europe
Sri Lanka,2009,7.23111,Asia
Sri Lanka,2010,5.06586,Asia
Sri Lanka,2011,5.14725,Asia
Sri Lanka,2012,4.16777,Asia
Sri Lanka,2013,4.34115,Asia
Sri Lanka,2014,6.47661,Asia
Sri Lanka,2015,7.43956,Asia
Sri Lanka,2016,14.4145,Asia
Sri Lanka,2017,11.39277,Asia
Sri Lanka,2018,7.91881,Asia
Sweden,1998,22.35308,Europe
Sweden,1999,21.30818,Europe
Sweden,2000,21.72499,Europe
Sweden,2001,20.64739,Europe
Sweden,2002,22.2216,Europe
Sweden,2003,21.81375,Europe
Sweden,2004,23.52314,Europe
Sweden,2005,23.57448,Europe
Sweden,2006,23.09714,Europe
Sweden,2007,23.66173,Europe
Sweden,2008,24.76819,Europe
Sweden,2009,26.74402,Europe
Sweden,2010,26.15131,Europe
Sweden,2011,25.6905,Europe
Sweden,2012,22.04928,Europe
Sweden,2013,22.22538,Europe
Sweden,2014,21.88263,Europe
Sweden,2015,21.33574,Europe
Sweden,2016,21.74093,Europe
Switzerland,1998,21.62705,Europe
Switzerland,1999,21.01051,Europe
Switzerland,2000,20.04724,Europe
Switzerland,2001,21.01328,Europe
Switzerland,2002,22.38294,Europe
Switzerland,2003,22.68793,Europe
Switzerland,2004,22.70432,Europe
Switzerland,2005,21.91685,Europe
Switzerland,2006,20.99529,Europe
Switzerland,2007,20.36261,Europe
Switzerland,2008,18.63799,Europe
Switzerland,2009,21.82949,Europe
Switzerland,2010,21.89051,Europe
Switzerland,2011,23.32384,Europe
Switzerland,2012,26.95624,Europe
Switzerland,2013,26.87479,Europe
Switzerland,2014,26.41578,Europe
Switzerland,2015,24.56797,Europe
Switzerland,2016,24.78876,Europe
Syrian Arab Republic,1997,8.94,Asia
Syrian Arab Republic,1998,9.8574,Asia
Syrian Arab Republic,1999,11.12299,Asia
Syrian Arab Republic,2000,12.56604,Asia
Syrian Arab Republic,2002,13.17415,Asia
Syrian Arab Republic,2007,17.94693,Asia
Syrian Arab Republic,2009,17.74459,Asia
Syrian Arab Republic,2012,16.88861,Asia
Tanzania,2004,10.96372,Africa
Tanzania,2005,9.566,Africa
Tanzania,2006,7.43929,Africa
Tanzania,2007,9.15968,Africa
Tanzania,2008,8.71012,Africa
Tanzania,2009,7.99235,Africa
Tanzania,2014,9.52422,Africa
Thailand,1997,14.34082,Asia
Thailand,1998,12.73274,Asia
Thailand,2000,17.47133,Asia
Thailand,2001,16.29806,Asia
Thailand,2004,13.3991,Asia
Thailand,2008,18.93508,Asia
Thailand,2009,22.18502,Asia
Thailand,2010,18.36191,Asia
Thailand,2011,32.44923,Asia
Thailand,2012,27.53315,Asia
Thailand,2013,23.31561,Asia
The Gambia,2001,5.00942,Africa
The Gambia,2002,6.27365,Africa
The Gambia,2003,5.48041,Africa
The Gambia,2004,4.62527,Africa
The Gambia,2005,5.26231,Africa
The Gambia,2006,5.88492,Africa
The Gambia,2007,6.14774,Africa
The Gambia,2008,16.48889,Africa
The Gambia,2009,14.41106,Africa
The Gambia,2010,21.25962,Africa
The Gambia,2011,20.25926,Africa
The Gambia,2012,19.1939,Africa
The Gambia,2013,7.27309,Africa
The Gambia,2014,8.85134,Africa
The Gambia,2015,8.47324,Africa
Timor-Leste,2011,6.27376,Asia
Timor-Leste,2012,3.78204,Asia
Timor-Leste,2013,4.24855,Asia
Timor-Leste,2014,8.34206,Asia
Togo,1998,9.27981,Africa
Togo,1999,7.95161,Africa
Togo,2000,10.25412,Africa
Togo,2001,9.96597,Africa
Togo,2002,9.32211,Africa
Togo,2003,8.92471,Africa
Togo,2004,7.38837,Africa
Togo,2005,7.43245,Africa
Togo,2006,6.32811,Africa
Togo,2007,8.28509,Africa
Togo,2008,8.33318,Africa
Togo,2009,9.90917,Africa
Togo,2010,10.56538,Africa
Togo,2011,10.67254,Africa
Togo,2012,14.86801,Africa
Togo,2013,12.76128,Africa
Togo,2014,14.24541,Africa
Togo,2015,16.09805,Africa
Togo,2016,16.16121,Africa
Tonga,1998,9.23848,Oceania
Tonga,2002,10.78056,Oceania
Tonga,2003,9.09437,Oceania
Tonga,2004,9.667,Oceania
Trinidad and Tobago,2000,10.40992,South America
Trinidad and Tobago,2001,11.35551,South America
Trinidad and Tobago,2002,15.44614,South America
Trinidad and Tobago,2003,11.18501,South America
Trinidad and Tobago,2007,8.57427,South America
Trinidad and Tobago,2008,10.36225,South America
Trinidad and Tobago,2009,15.09929,South America
Tunisia,1997,14.90708,Africa
Tunisia,1999,14.41189,Africa
Tunisia,2000,14.18801,Africa
Tunisia,2001,14.65381,Africa
Tunisia,2002,14.16722,Africa
Tunisia,2003,18.56868,Africa
Tunisia,2004,19.32801,Africa
Tunisia,2005,18.87208,Africa
Tunisia,2008,17.43237,Africa
Turkey ,2012,13.27685,Asia
Turkey ,2013,13.20414,Asia
Turkey ,2014,14.60988,Asia
Turkey ,2015,14.38743,Asia
Turkey ,2016,12.99947,Asia
Turks and Caicos Islands,2000,16.1969,North America
Turks and Caicos Islands,2001,16.51217,North America
Turks and Caicos Islands,2002,11.63794,North America
Turks and Caicos Islands,2003,14.12687,North America
Turks and Caicos Islands,2005,9.67709,North America
Turks and Caicos Islands,2015,15.64521,North America
Turks and Caicos Islands,2018,5.7043,North America
Uganda,2004,10.31745,Africa
Uganda,2010,4.23554,Africa
Uganda,2011,6.91598,Africa
Uganda,2012,5.78683,Africa
Uganda,2013,5.16447,Africa
Uganda,2014,5.61796,Africa
Ukraine,1997,65.10102,Europe
Ukraine,2011,28.1313,Europe
Ukraine,2012,32.38915,Europe
Ukraine,2013,32.34896,Europe
Ukraine,2014,27.03674,Europe
Ukraine,2016,26.25312,Europe
Ukraine,2017,30.31566,Europe
United Kingdom,1998,12.48974,Europe
United Kingdom,1999,12.32138,Europe
United Kingdom,2000,12.72822,Europe
United Kingdom,2001,13.26629,Europe
United Kingdom,2002,14.41264,Europe
United Kingdom,2003,16.29736,Europe
United Kingdom,2004,15.87519,Europe
United Kingdom,2005,17.01127,Europe
United Kingdom,2006,19.733,Europe
United Kingdom,2007,20.91308,Europe
United Kingdom,2008,21.33528,Europe
United Kingdom,2009,22.24086,Europe
United Kingdom,2010,24.33356,Europe
United Kingdom,2011,24.67365,Europe
United Kingdom,2013,23.14708,Europe
United Kingdom,2014,23.5778,Europe
United Kingdom,2015,24.97949,Europe
United Kingdom,2016,24.17334,Europe
United States,2010,22.05341,North America
United States,2011,20.85277,North America
United States,2012,20.5226,North America
United States,2013,19.71867,North America
United States,2014,19.7888,North America
United States,2015,19.76064,North America
United States,2016,19.85908,North America
Uruguay,1999,7.14943,South America
Uruguay,2000,7.25549,South America
Uruguay,2001,9.62552,South America
Uruguay,2002,6.97918,South America
Uruguay,2003,5.84956,South America
Uruguay,2004,7.3601,South America
Uruguay,2005,8.33481,South America
Uruguay,2006,8.7376,South America
Uruguay,2011,12.03765,South America
Uruguay,2016,12.39083,South America
Uruguay,2017,12.64033,South America
Vanuatu,1998,11.7337,Oceania
Vanuatu,1999,11.26058,Oceania
Vanuatu,2000,13.2647,Oceania
Vanuatu,2001,12.93053,Oceania
Vanuatu,2008,16.71592,Oceania
Vanuatu,2009,16.15883,Oceania
Vanuatu,2015,13.5286,Oceania
Venezuela,2006,7.91899,South America
Venezuela,2007,8.93013,South America
Venezuela,2009,17.55981,South America
Venezuela,2015,17.91013,South America
Vietnam,2008,18.02041,Asia
Vietnam,2009,19.2398,Asia
Vietnam,2010,19.59413,Asia
Vietnam,2011,17.58757,Asia
Vietnam,2012,20.85711,Asia
Vietnam,2013,21.14295,Asia
Yemen,2011,18.05957,Asia
Zambia,2000,6.42147,Africa
Zambia,2004,8.07122,Africa
Zambia,2005,4.77933,Africa
Zambia,2015,14.32072,Africa
Zambia,2016,12.91385,Africa
Zambia,2017,12.88822,Africa
Zimbabwe,2012,14.01205,Africa
Zimbabwe,2013,14.00009,Africa
